source1_entity_id	matched_entity_ids
S1-156285671	S3-313151960,S3-341283631,S3-82962409,S3-858863331,S3-883519396,S2-591130136,S2-857116926,S3-291088947,S3-46285383,S3-560540338,S3-70072634,S3-871416040,S3-383429226,S3-788875930,S3-955605367,S2-172049742,S2-618999453,S3-461838258,S2-257621859,S2-349497862,S2-397375361,S2-475026210,S2-543448557,S2-625238326,S2-664547703,S2-813507627,S2-866733674,S2-975611285,S2-985064682,S3-110008964,S3-14366365,S3-232318477,S3-267312251,S3-403408226,S3-408309782,S3-429905229,S3-505873713,S3-601123764,S3-651958278,S3-692397433,S3-743192928,S3-786098170,S3-800120714,S3-959194601,S3-96856544,S2-631516219,S3-243192226,S3-322638202,S3-516625443,S3-762835469,S2-154771087,S3-180434224,S3-347396797,S3-879487017
S1-921369899	S3-974282260,S2-808920974,S3-285097097,S2-107533354,S3-57594330,S3-779830725,S2-135924869,S2-166118786,S2-450628678,S3-309455768,S3-362722368,S3-569899822,S2-106862520,S2-828376275,S2-428151562,S2-106093205,S2-111107949,S2-115106810,S2-117257300,S2-127636377,S2-151315941,S2-151995272,S2-190651893,S2-203317451,S2-221264061,S2-231616087,S2-245974149,S2-269027461,S2-270335549,S2-320385129,S2-385231117,S2-447382569,S2-455467391,S2-463613292,S2-489993777,S2-51842385,S2-611917768,S2-615083204,S2-621425252,S2-663353800,S2-66520929,S2-6721979,S2-685192438,S2-718122134,S2-739374343,S2-740025631,S2-782691743,S2-794098094,S2-811056957,S2-839043211,S2-847974508,S2-855002639,S2-865933715,S2-886353351,S2-898893835,S2-927038389,S3-114390708,S3-131680604,S3-133667299,S3-143497122,S3-174437476,S3-192613776,S3-212523453,S3-235634007,S3-238772861,S3-242990939,S3-246596088,S3-284437611,S3-304152300,S3-327174573,S3-356372197,S3-366823517,S3-366881361,S3-424847000,S3-449352630,S3-452389917,S3-46343140,S3-471499978,S3-491659040,S3-503871145,S3-510813530,S3-512828893,S3-516868817,S3-524545285,S3-530283983,S3-541473951,S3-561294053,S3-577997441,S3-589754476,S3-595583651,S3-632398164,S3-636494035,S3-649318603,S3-651977527,S3-663896228,S3-703471984,S3-736586170,S3-758336187,S3-772467533,S3-793550647,S3-801524112,S3-809886352,S3-829265394,S3-831641392,S3-833621513,S3-891342665,S3-896998850,S3-935572936,S3-941738912,S3-95443132,S3-959478401,S3-965215663,S3-972546107,S3-978298995,S3-980406058,S2-313994395,S2-424220507,S2-963728348,S3-480982169,S3-485055929,S3-636915663,S3-784203882,S3-894848925,S3-990883111,S2-181578729,S2-469244572,S2-775342582,S2-999320599,S3-191547480,S3-324383783,S3-420338500,S3-463033089,S3-463445891,S3-585416810,S3-706498541,S2-980426397,S3-127625522,S3-674918255,S3-954409719
S1-913506265	S3-739817217,S3-388866191,S3-258414643,S2-641871396,S3-970286781,S2-813184149,S3-867591530,S2-377106401,S2-291691817,S2-325529362,S2-355069842,S2-368940758,S2-684191424,S3-134357333,S3-188057924,S3-21849501,S3-382436424,S3-595754761,S3-725063509,S3-741310888,S3-777997388,S3-803078246,S3-918948047,S3-971622362,S2-346922829,S2-555759406,S3-447845309,S2-249619754,S2-67767927,S3-285105345,S3-362070849,S3-403531819,S3-403888001,S3-667708502,S3-706487733,S3-766108266,S3-769353353,S3-796510472,S3-889981509,S3-935741892,S3-950130113,S2-117949476,S2-204165790
S1-628750886	S2-406813553,S2-696378102,S2-724882944,S2-98924716,S3-503690514,S3-361673112,S3-159214046,S3-734992856,S2-614509436,S2-719452980,S3-287777347,S3-358729746,S3-486086895,S3-721442988,S3-82325114,S3-952564751,S2-190963656,S2-379759258,S2-402961003,S2-713713432,S2-991319550,S3-225774185,S3-864447066,S3-90723126,S3-961386025,S2-13263525,S3-736659492,S2-203120518,S2-561396168,S3-168786534,S3-322227196,S3-408351201,S3-459398666,S3-527299876,S3-642037818,S3-650123125,S3-83341125,S3-843450670,S3-902794323,S2-109319266,S2-184772416,S2-204165790
S1-466641145	S2-429202647,S2-307510574,S2-427722911,S2-496604377,S2-569231023,S2-680181593,S2-716388351,S2-768914547,S2-773512206,S2-780264838,S2-833395434,S2-850167991,S2-888088994,S2-93688464,S2-96457225,S3-103548445,S3-103890352,S3-104879785,S3-133185131,S3-16445665,S3-197154992,S3-218034175,S3-273714192,S3-343647035,S3-391071792,S3-413099948,S3-425352730,S3-43554218,S3-44205951,S3-497131615,S3-541566781,S3-569279172,S3-633481118,S3-669562008,S3-672691575,S3-674715668,S3-730523822,S3-746717979,S3-747044197,S3-781682914,S3-782243465,S3-803744659,S3-833096549,S3-858323483,S3-876312243,S3-880045771,S3-88063224,S3-884291470,S3-997917002,S2-159537242,S2-539872823,S2-705978445,S3-101585900,S3-727489229,S3-652998887,S3-404685962,S3-502921880,S3-60401815,S3-807308358,S3-819627850,S2-118473901,S2-127781089
S1-385801270	S3-408897982,S2-268145542,S2-302221995,S2-313468187,S2-421655289,S2-486822027,S2-515518670,S2-543425674,S2-665467747,S2-686097674,S2-764652743,S2-796213775,S2-883284067,S2-89149549,S3-168692700,S3-189639477,S3-269963160,S3-280730746,S3-302003696,S3-314505107,S3-334887351,S3-336003348,S3-396137522,S3-439220817,S3-453000382,S3-515025304,S3-591596169,S3-591736741,S3-649869429,S3-695518023,S3-698324416,S3-741529687,S3-750782081,S3-766626004,S3-832454692,S3-92848314,S3-987554434,S2-110962268,S2-120095784,S2-404265057,S2-48922193,S2-54620819,S2-688201394,S2-763665493,S2-878527361,S3-100223764,S3-194068196,S3-401134562,S3-431631190,S3-471266648,S3-831556678,S3-927919488,S2-114338773,S2-161452792,S2-186469119,S2-206496308,S2-207124993,S2-229660851,S2-2455458,S2-252982145,S2-28160098,S2-283697296,S2-296379258,S2-337154360,S2-338088014,S2-341353693,S2-343492253,S2-351709610,S2-3575640,S2-361320449,S2-409474765,S2-41190385,S2-433930919,S2-49439402,S2-502658327,S2-57196860,S2-585779938,S2-643706780,S2-648439373,S2-741049937,S2-749121398,S2-749238186,S2-749617808,S2-756820737,S2-778572481,S2-800617353,S2-865061225,S2-923913492,S2-924677581,S2-958417252,S2-960109695,S3-104810559,S3-119397545,S3-120532991,S3-129465779,S3-181570027,S3-279620266,S3-323469326,S3-346886214,S3-359247961,S3-368173526,S3-40798572,S3-437572849,S3-448986030,S3-476007022,S3-4816806,S3-48245855,S3-489727333,S3-501619149,S3-529477794,S3-537394362,S3-555765016,S3-574254979,S3-584667557,S3-613675781,S3-634615727,S3-665097494,S3-68262388,S3-693246852,S3-72868660,S3-733872132,S3-740555244,S3-775435744,S3-777432504,S3-7814188,S3-819521295,S3-822814512,S3-824484614,S3-825431919,S3-835412400,S3-840161776,S3-843223559,S3-862061476,S3-869336160,S3-896092686,S3-912209596,S3-935626162,S3-93918888,S3-954528138,S3-977750025,S3-780182827,S2-375943584,S2-401919837,S2-709678958,S2-768224346,S2-78328832,S2-824151070,S2-947795034,S3-126421601,S3-25975517,S3-299395048,S3-423218539,S3-433040739,S3-588299990,S3-622962099,S3-645167071,S3-665032802,S3-688849453,S3-741545437,S3-777243668,S3-856393280,S3-961678666,S2-101754259,S2-185678414,S2-198372712,S2-238800730,S2-252530277,S2-412761739,S2-488022800,S2-511640058
S1-717749279	S3-87918416,S2-768360552,S2-161644702,S3-161622260,S2-161108937,S2-941575394,S2-51053506,S2-475800989,S2-685602578,S2-709944134,S3-178555200,S2-568505479,S2-603595015,S2-927950224,S3-40196306,S3-423648914,S3-560652095,S3-7241692,S2-328031147,S2-342233044,S2-419037147,S2-595048443,S2-666169508,S2-783155342,S2-956933572,S3-206088667,S3-280577939,S3-348542735,S3-395509508,S3-476546505,S3-570002335,S3-613828388,S3-926674871,S3-956336551,S2-132027799,S2-212289708,S2-269939293,S2-6805315,S2-782249684,S2-793049541,S2-994158978,S2-995625879,S3-207464793,S3-247060622,S3-394204120,S3-549056880,S3-813645173,S3-503296114,S2-114796813,S3-758981788,S2-67825618,S2-706286517,S2-930893664,S3-70000133,S2-100171140,S2-10409272,S2-132655893,S2-132950527,S2-196142797,S2-197538463,S2-220766859,S2-22324883,S2-229290056,S2-237868472,S2-251476834,S2-252281567,S2-265718328,S2-266731867,S2-277073513,S2-282294167,S2-289393115,S2-303885016,S2-312695024,S2-316917795,S2-319165568,S2-319754772,S2-322829513,S2-32613698,S2-335315489,S2-356519426,S2-357407315,S2-360013811,S2-375628125,S2-376335582,S2-378661547,S2-382431000,S2-384122607,S2-385220601,S2-391915114,S2-410429414,S2-418680819,S2-420552500,S2-447824363,S2-447892313,S2-451735409,S2-46980392,S2-479077393,S2-491919330,S2-514282933,S2-56627847,S2-572254589,S2-579624142,S2-598495009,S2-605650363,S2-621964261,S2-639164102,S2-647633302,S2-653724640,S2-677564949,S2-678263630,S2-693183085,S2-694849177,S2-696693662,S2-701377256,S2-723778209,S2-740028682,S2-761363228,S2-765261631,S2-770239499,S2-79003565,S2-792839530,S2-793757700,S2-802587863,S2-803560366,S2-824527865,S2-836726568,S2-852494914,S2-871765506,S2-874262763,S2-879723234,S2-904081295,S2-914954473,S2-920367756,S2-921951423,S2-924213959,S2-926387302,S2-928998849,S2-930401013,S2-932894480,S2-938311432,S2-941047798,S2-943517940,S2-944958223,S2-953653280,S2-960326746,S2-965456220,S2-967936122,S2-970866528,S2-974487005,S3-100875730,S3-102089206,S3-119542704,S3-134945572,S3-138983979,S3-140738505,S3-152176445,S3-172112821,S3-188429503,S3-193055779,S3-224700615,S3-23183295,S3-232776578,S3-23996174,S3-241417679,S3-243457038,S3-248711604,S3-254832284,S3-263592750,S3-266509870,S3-269307077,S3-279341398,S3-288536774,S3-305818906,S3-306007769,S3-32475088,S3-335370218,S3-340823955,S3-343038689,S3-345402504,S3-353938361,S3-364005791,S3-371766577,S3-413913323,S3-415998429,S3-416127953,S3-424711969,S3-430802902,S3-435141237,S3-441229815,S3-446232899,S3-461162244,S3-475775680,S3-496209585,S3-527259557,S3-531020199,S3-545714525,S3-550156966,S3-557956923,S3-558257996,S3-559967648,S3-570561878,S3-573382468,S3-578261511,S3-582015499,S3-61874280,S3-652427059,S3-665517900,S3-66639878,S3-666437311,S3-672318023,S3-681999200,S3-701463065,S3-710066354,S3-731697261,S3-751300846,S3-751525594,S3-764715578,S3-768283692,S3-774105459,S3-786839898,S3-787775142,S3-788375917,S3-791833888,S3-793183238,S3-79367397,S3-846736776,S3-855416199,S3-863227857,S3-884428395,S3-88957018,S3-918429496,S3-940971122,S3-944997278,S3-949131398,S3-950159067,S3-977848242,S3-984919444,S3-990331392,S3-992805777,S2-159068446,S2-173711363,S2-18107486,S2-196734653,S2-212492261,S2-233364527,S2-26399647,S2-265961242,S2-283245332,S2-294310414,S2-342024491,S2-360513915,S2-380832611,S2-436037736,S2-44525046,S2-508934000,S2-540839197,S2-559039843,S2-840306117,S2-887091433,S2-913195122,S2-938445649,S2-946734634,S2-965305326,S2-980857847,S3-142913179,S3-152279533,S3-187099122,S3-21576274,S3-220515320,S3-223801297,S3-230054969,S3-230355909,S3-247747777,S3-307059876,S3-366671461,S3-388678990,S3-417406946,S3-418639517,S3-432859992,S3-44305049,S3-469932783,S3-522844841,S3-549412903,S3-571471379,S3-584402258,S3-58699279,S3-607677184,S3-64143814,S3-651439106,S3-673661727,S3-687558690,S3-690603418,S3-715374153,S3-723828738,S3-734296731,S3-791342326,S3-861274960,S3-87240110,S3-874225241,S3-875917313,S3-927890209,S3-930993634,S3-944196802,S3-964608793,S2-306699619,S2-374323702,S3-551343843,S3-84351034,S2-777387134,S3-222140070,S3-578509839,S3-580696088,S2-28908401,S2-338792559,S2-671169152,S3-297851601,S3-395376365,S3-43145310,S3-636213355,S3-947385755,S3-988492245,S2-114657831,S2-122194620,S2-125736742,S2-135356111,S2-156581028,S2-174460480,S2-174510201,S2-176326003
S1-616465752	S3-743384209,S2-129639832,S2-131550487,S2-170891970,S2-176768457,S2-183219577,S2-188360527,S2-20024807,S2-205801590,S2-214626651,S2-223365910,S2-278607007,S2-289752792,S2-295567166,S2-347132159,S2-359048743,S2-364141193,S2-383002272,S2-390515339,S2-392366936,S2-417935458,S2-435422383,S2-491114336,S2-53086171,S2-533882184,S2-545665281,S2-564987087,S2-692032403,S2-702534900,S2-760324410,S2-804268598,S2-915636416,S2-956535286,S2-966904757,S2-975491878,S2-983292630,S3-1037598,S3-106929518,S3-113963256,S3-144581076,S3-161224564,S3-162535239,S3-173594451,S3-176471583,S3-192642304,S3-194320788,S3-202237637,S3-210048608,S3-226577015,S3-228709575,S3-244168363,S3-270849173,S3-273992636,S3-302120300,S3-304064876,S3-30528282,S3-30646321,S3-33215725,S3-368344024,S3-372006274,S3-375215297,S3-376685193,S3-379340146,S3-392636177,S3-398944930,S3-409359879,S3-411801625,S3-427511407,S3-4466014,S3-449960592,S3-451211660,S3-453577420,S3-45376649,S3-46524107,S3-466005458,S3-466529593,S3-470290887,S3-515633860,S3-516752947,S3-517992446,S3-529502209,S3-536569155,S3-56044696,S3-567071668,S3-570376493,S3-57597758,S3-590503550,S3-596769273,S3-620794728,S3-623350295,S3-625236939,S3-625603349,S3-627516086,S3-631638506,S3-632489340,S3-635197030,S3-642408506,S3-671430803,S3-677996888,S3-692387398,S3-705944985,S3-709966670,S3-723300173,S3-726735313,S3-728802372,S3-739439749,S3-771321532,S3-775987981,S3-786892803,S3-788155064,S3-791451406,S3-792877722,S3-841946239,S3-848376204,S3-853929425,S3-87822698,S3-880153278,S3-881847069,S3-903491603,S3-912033919,S3-913834068,S3-92708671,S3-933326374,S3-945982952,S3-948962135,S3-951436564,S3-96339131,S3-986200304,S3-987471918,S3-990779172,S3-147090114,S3-175446583,S3-189559074,S2-110611822,S2-324066161,S2-34165647,S2-460622019
S1-261476747	S3-255859609,S2-300243886,S3-449183302,S2-969569602,S3-36348737,S2-675029983,S3-937554281,S2-185509246,S3-358698605,S3-796429393,S2-522173556,S2-568150489,S2-58168974,S2-735183,S3-107543312,S3-27181025,S3-403769234,S3-41445104,S3-475386507,S3-488385919,S3-611609293,S3-669794442,S3-757963294,S3-782937256,S3-875810113,S3-881883460,S3-940639299,S3-976300552,S2-161871809,S2-338110152,S2-362678902,S2-436240168,S2-466362573,S2-485924325,S2-587558699,S2-753533787,S2-782835685,S2-855221313,S2-990529352,S3-151052263,S3-28917346,S3-313090656,S3-350709470,S3-479352398,S3-530240501,S3-538093342,S3-551566912,S3-556784484,S3-576343978,S3-582810294,S3-594077127,S3-631381263,S3-638449991,S3-64504486,S3-683336647,S3-687940300,S3-699207138,S3-768438930,S3-7793372,S3-800167262,S3-821640254,S3-844962731,S3-846532249,S3-84961335,S3-8714684,S3-962196083,S3-967140994,S3-98108397,S3-996401195,S2-232789121,S3-370569283,S3-949676153,S3-798842313
S1-969300060	S3-344702020,S3-835980117,S2-549617192,S3-986110458,S2-253507361,S2-265346068,S2-462301048,S2-623251201,S2-697988042,S2-730214752,S2-855760810,S2-911556560,S3-129679115,S3-190809972,S3-273523717,S3-287998905,S3-49130156,S3-504215586,S3-636518510,S3-705698058,S3-962688287,S2-830534510,S3-29205060,S3-325009431,S3-381686721,S3-415202059,S3-544934655,S3-6730167,S3-680159609,S3-728827093,S3-910367974,S2-618999453,S3-18834782,S3-266800924,S3-4567483,S3-738482830,S3-874301592,S3-992805416,S2-12329939,S2-150683394,S2-176709936,S2-182802954,S2-239730778,S2-359648014,S2-415711521,S2-417659693,S2-443473434,S2-534874917,S2-759647952,S2-897066930,S2-928455470,S3-131067270,S3-192961924,S3-247513391,S3-267953174,S3-375781719,S3-380860830,S3-590739053,S3-689333820,S3-699156352,S3-702280624,S3-721973430,S3-740215850,S3-798095335,S3-803596940,S3-803841440,S3-825545250,S3-913123039,S3-944348980,S3-967599861,S3-978372449,S2-103819158
S1-295346696	S2-487707954,S3-327868114,S3-473711845,S2-621745304,S2-835154886,S3-281922741,S3-301426122,S3-493101079,S3-562801606,S3-579606701,S3-718205612,S3-792386723,S2-151747095,S2-154442502,S2-155934603,S2-218074810,S2-220436778,S2-247412422,S2-273284665,S2-312615453,S2-33837471,S2-340166428,S2-366696661,S2-455463992,S2-558078439,S2-564273782,S2-642961758,S2-657917529,S2-681722290,S2-688863234,S2-819048037,S2-840176819,S2-850870702,S2-954039922,S2-987784282,S2-989315344,S3-201817335,S3-372525425,S3-432222316,S3-493173452,S3-604695955,S3-718620032,S3-781179723,S3-805253214,S3-822249324,S3-981826342,S2-512148559,S3-156517469,S2-140173008,S2-150004074,S2-215090548,S2-235846489,S2-237331617,S2-256866599,S2-311231152,S2-355073397,S2-377934882,S2-384356263,S2-489795097,S2-5095123,S2-567366590,S2-578371148,S2-605602779,S2-648428864,S2-654939742,S2-693580249,S2-700908405,S2-704408016,S2-707496610,S2-716529897,S2-718556230,S2-734195837,S2-74661236,S2-837550577,S2-874797518,S2-893518672,S2-895027862,S2-927685398,S2-933052734,S2-935004606,S2-98070475,S2-984387073,S3-119406720,S3-167727756,S3-186342511,S3-221414424,S3-260008512,S3-26739040,S3-290730392,S3-295542667,S3-32815155,S3-328573488,S3-344497061,S3-38258092,S3-386950506,S3-390953835,S3-40370507,S3-434792429,S3-453955660,S3-611298284,S3-616692172,S3-629873869,S3-632616452,S3-65731984,S3-671861878,S3-699840352,S3-805242140,S3-810555146,S3-818817023,S3-84037039,S3-864319516,S3-881793776,S3-881912667,S3-913754783,S3-924158185,S3-939609286,S3-989563253,S2-110258304,S2-129819469,S2-132332972,S2-152410678,S2-156598145,S2-159737945,S2-164598046,S2-1721455,S2-203411347,S2-216490172,S2-251764297,S2-295190343,S2-307339076,S2-317595346,S2-340117354,S2-340259369,S2-369976696,S2-372497749,S2-375970357,S2-424477313,S2-436068840,S2-445794868,S2-446202160,S2-456567020,S2-458614324,S2-468357565,S2-481587177,S2-487845676,S2-508033819,S2-580664081,S2-597402165,S2-601844585,S2-605478811,S2-628994411,S2-62928255,S2-641579237,S2-652660946,S2-661282977,S2-68348814,S2-831102337,S2-8674693,S2-915735293,S2-920508504,S2-922931609,S2-92893106,S2-938492959,S2-966080614,S2-985085335,S3-144431483,S3-149685108,S3-154733211,S3-154883257,S3-167767692,S3-198314219,S3-198776813,S3-212527537,S3-224112029,S3-230490959,S3-233098359,S3-284441763,S3-298783897,S3-300671746,S3-319900170,S3-323151644,S3-354989725,S3-357399495,S3-366907555,S3-380009555,S3-384831736,S3-390584169,S3-429875650,S3-477558775,S3-479806689,S3-506338600,S3-509732393,S3-542241318,S3-559390647,S3-570626630,S3-570907681,S3-585144272,S3-591588580,S3-598942114,S3-598995031,S3-613134510,S3-62632940,S3-70148903,S3-746099671,S3-754109305,S3-760256523,S3-769327331,S3-783838528,S3-790860564,S3-813837830,S3-830500153,S3-848172636,S3-850632354,S3-856876717,S3-859012267,S3-861756716,S3-954169687,S3-95863005,S3-964568260,S3-968322509,S3-974210586,S3-976402540,S3-993451693,S3-999561513,S2-705837556,S2-962353917,S3-235667861,S3-614579888,S3-702465430,S2-637879668,S2-71668335,S2-153513881,S2-226533386,S2-306094315,S2-409007322,S2-418121109,S2-460501105,S2-475688467,S2-504019177,S2-608500625
S1-81033582	S2-625290267,S2-75450184,S3-416587090,S2-314475621,S2-127073561,S2-286033459,S2-287844743,S2-316922108,S2-322536543,S2-324283845,S2-340813506,S2-34197094,S2-373435894,S2-390765431,S2-403682126,S2-432825422,S2-456925005,S2-507291699,S2-511096784,S2-535892872,S2-541670973,S2-572476279,S2-626621470,S2-628785236,S2-629303604,S2-632116546,S2-708430297,S2-722215968,S2-748370642,S2-779051578,S2-83690819,S2-891206510,S2-932068344,S2-942655540,S2-95326639,S3-108337321,S3-125738074,S3-174485369,S3-184310587,S3-206402903,S3-208444339,S3-213401401,S3-213447560,S3-22072672,S3-255318223,S3-265442335,S3-279875657,S3-287584111,S3-295210056,S3-307334288,S3-335733887,S3-33580565,S3-348728476,S3-367592999,S3-380095166,S3-390587913,S3-394499164,S3-415630244,S3-440524754,S3-470577316,S3-481722091,S3-516356728,S3-523065019,S3-54161840,S3-553526037,S3-572012969,S3-581795248,S3-623517443,S3-635512367,S3-641920402,S3-645540962,S3-667613989,S3-689473892,S3-702671063,S3-704942437,S3-711332877,S3-747233021,S3-767000875,S3-78368513,S3-791240783,S3-795234301,S3-796582219,S3-825399690,S3-842803849,S3-849836178,S3-860732129,S3-891171926,S3-959186445,S2-116754841,S2-336566179,S2-398066904,S2-531988144,S2-542460065,S2-579778340,S2-769687335,S2-798370744,S2-808292352,S2-963666611,S3-122605960,S3-377093080,S3-430718618,S2-429908056,S2-897403469,S2-973008641,S3-201578375,S3-249428661,S3-636382586,S3-702875700,S2-168211984,S2-176943441,S2-229358009,S2-231865986,S2-275977779,S2-283117830,S2-387291391
S1-776267063	S2-717184067,S2-455205203,S3-750193026,S3-602223446,S2-124640100,S2-142681271,S2-220866510,S2-271066551,S2-271193460,S2-280623614,S2-281862930,S2-346389887,S2-410917866,S2-455401812,S2-479238313,S2-551671966,S2-57223958,S2-587322931,S2-592317551,S2-626760181,S2-672382178,S2-720495894,S2-723750369,S2-727356012,S2-740846854,S2-782802260,S2-785499991,S2-810427923,S2-821268295,S2-849308129,S2-869572275,S2-87271782,S2-92159346,S2-955753038,S2-983046452,S3-100041607,S3-116199063,S3-137838753,S3-146466689,S3-157139981,S3-261384543,S3-331972603,S3-342714110,S3-350162994,S3-408139905,S3-408800916,S3-482917481,S3-496621396,S3-516220235,S3-523424178,S3-544530766,S3-561202847,S3-579734426,S3-588643475,S3-598976820,S3-605893009,S3-623398327,S3-657229309,S3-657392168,S3-659627929,S3-663036752,S3-689247252,S3-745297794,S3-759382193,S3-776754833,S3-847334447,S3-850400356,S3-855723117,S3-877006975,S3-9641960,S2-159066188,S2-187064976,S2-408559711,S2-600450498,S2-733260575,S2-759731717,S2-903778410,S2-946774147,S2-131271752,S2-317195568,S2-33071390,S2-569058364,S2-895136448,S2-988992640,S3-105378834,S3-15605384,S3-206518089,S3-229775166,S3-247684633,S3-283031833,S3-287968870,S3-369703124,S3-373395339,S3-387533463,S3-388862833,S3-462707877,S3-502810162,S3-568370295,S3-569772395,S3-586631177,S3-76070278,S3-796181125,S3-85568483,S3-898354367,S3-911236067,S3-912577961,S3-915199369,S3-919639033,S3-958396670,S3-970750203,S3-97861518,S3-98358532,S3-992715991,S2-104665533
S1-457973373	S2-571231650,S2-155002316,S2-597171300,S3-160785007,S3-609033685,S3-838254695,S3-859843500,S2-146258940,S2-305869591,S2-433582942,S2-82582185,S3-280667569,S3-423523071,S3-524252660,S3-544553243,S2-369293053,S2-710019706,S2-724354789,S3-424382145,S3-483962884,S3-503913306,S3-721954760,S3-748389693,S3-96315652,S2-311774825,S2-904777794,S3-200183523,S3-867827727,S3-719514673,S2-256152977,S3-253805929,S3-427400393,S3-497405912,S3-568415190,S3-914085522
S1-273768056	S2-763322790,S2-838127786,S3-16275066,S3-526615781,S3-690125736,S2-82906936,S3-411522901,S2-539987963,S3-401504329,S3-84154735,S2-106453506,S2-114834417,S2-127059661,S2-158700326,S2-173412887,S2-19463707,S2-201719754,S2-207585553,S2-208648345,S2-240742965,S2-272894251,S2-29882657,S2-308941508,S2-311611083,S2-326376548,S2-35431791,S2-371033055,S2-419461097,S2-446210328,S2-452186460,S2-463483020,S2-463952035,S2-515177600,S2-531918152,S2-589542845,S2-607109742,S2-620440094,S2-672844551,S2-681950043,S2-701831855,S2-712290788,S2-75816230,S2-793553221,S2-856784085,S2-902991885,S2-945692046,S2-961876768,S2-97160894,S2-996124704,S3-105019606,S3-114569020,S3-12785598,S3-138491158,S3-166086567,S3-171024241,S3-175686335,S3-178124121,S3-183265486,S3-188012357,S3-193271894,S3-199477912,S3-200790142,S3-215821581,S3-248126063,S3-250377444,S3-2567580,S3-282619635,S3-286700504,S3-294304405,S3-343614331,S3-359928964,S3-365045193,S3-395514302,S3-412731130,S3-418540915,S3-424229514,S3-441038909,S3-464537234,S3-47003703,S3-473874550,S3-484754160,S3-488096923,S3-504367199,S3-515436793,S3-526891464,S3-530164224,S3-541920281,S3-560909001,S3-585279368,S3-595653158,S3-599317020,S3-601279197,S3-606241923,S3-619679815,S3-64021170,S3-667884836,S3-66997870,S3-671666672,S3-672568228,S3-678446743,S3-688160654,S3-689015555,S3-703888153,S3-704808127,S3-719877224,S3-724865409,S3-728837336,S3-734336440,S3-739783957,S3-741778353,S3-743309537,S3-744554429,S3-784950441,S3-797883873,S3-820760404,S3-826942883,S3-842997454,S3-868289540,S3-874232489,S3-888857718,S3-922060558,S3-929015832,S3-937704265,S3-966985758,S2-687379943,S2-205767825,S2-29910102,S2-301232728,S2-311712633,S2-312677438,S2-360369501,S2-441477710
S1-689823050	S2-65478038,S2-829077756,S2-212601842,S2-319486263,S2-133253656,S3-506456729,S2-152111886
S1-481669221	S2-109470671,S2-284602321,S3-659756091
S1-280204013	S2-157082864,S2-356346814,S2-521118065,S3-331318086
S1-742053041	S2-315673501,S2-317425677,S2-446206310,S2-73207920,S3-525870950,S3-415482884,S3-43121093,S3-826246833
S1-479574617	S2-443103183,S2-985539429,S3-120581080,S2-262582939,S3-407377878
S1-680637447	S2-876151147,S2-405395037,S2-432659234,S3-261988229
S1-870190130	S2-240957364,S3-818367368,S2-520350664,S3-153733853
S1-365170694	S2-487943573,S3-487843250,S2-231090193,S3-223519390,S2-198406498,S2-538340799,S2-927806613,S3-111417773,S3-265608371,S3-295587349,S3-315684180,S3-375960181,S3-420197901,S3-496427943,S3-533645707,S3-539753082,S3-549329571,S3-663322875,S3-758911506,S3-817672743,S3-927444951,S3-96127952,S3-971197047,S2-40584605,S2-809820317,S3-492097886
S1-378191895	S2-131519356,S2-324406387,S2-464292155,S2-693838745,S2-746770482,S2-820245740,S2-884046041,S2-919190698,S2-98859516,S3-160685273,S3-93853489,S2-345811692,S2-135207133,S2-253153598,S2-43518857,S2-622434478,S2-639485426,S2-64024750,S2-699307206,S2-700010726,S2-789821438,S2-82762932,S2-87894207,S2-565091481,S3-306233525,S3-326293612,S3-473350829
S1-750279127	S3-255669508,S3-1677023
S1-209281220	S2-873605695,S3-893592109,S2-721568013,S3-685313951
S1-550154910	S2-43467331,S2-337846909,S2-17305717,S3-105314886,S3-677864101
S1-897975128	S2-269643891,S3-586433382,S3-274769198,S3-417529190
S1-704604312	S2-448044955,S3-7278253,S3-818979689,S2-497722920,S3-898208688,S3-577237107,S3-2753398
S1-123475953	S3-577626649,S3-669730032,S2-111933971,S2-123259164,S2-598519962,S2-803364981,S2-737576051
S1-444801830	S3-701255667,S3-8714040,S3-697254767,S2-424915937,S2-710289404,S2-724796540,S2-882625506,S3-332463037,S3-543203396
S1-502376041	S2-551281247,S2-100160948,S2-54256234,S2-408714071,S3-230693496
S1-594021398	S3-709854915,S3-133279691,S2-815532808,S2-251315845,S3-686916460,S2-188523139,S3-161627709,S2-176262800,S3-153752476
S1-99245709	S2-563728223,S3-140946557,S3-332530974,S3-602269138,S2-360918596
S1-339015166	S2-15078231,S2-448485205,S2-262721816,S2-223292197,S2-205780323
S1-41643447	S2-821729760,S3-54250287,S2-871263672,S3-567773394,S3-622841686,S3-893827785,S2-52852294
S1-244940399	S2-212658896,S2-411880744,S2-747246542,S2-874696367,S3-762765809,S3-882809411,S2-183702952,S2-333116466
S1-762904067	S2-820698936,S3-631059484,S3-707694506,S3-922664596
S1-874436225	S3-320477238,S3-745023010,S2-241070484,S2-385143075,S3-299131187,S3-519106088,S3-540789519
S1-816918307	S2-627029064,S2-349475651,S2-571842226,S3-927534099,S3-599931461
S1-52153457	S2-659968513,S3-741596121
S1-867332501	S2-140322812,S2-811800160,S2-974991070,S3-302051180,S3-229462318
S1-802731895	S2-502521476,S2-940583206,S3-2668710,S2-441072295
S1-807424751	S3-895659237,S2-540060126,S2-259557238,S2-118503663,S2-326850292,S2-368091713,S2-601243063,S2-801186864,S3-147561007,S3-674787316,S3-166947711,S3-263286051,S3-391041160,S3-559362340,S3-658022945,S3-663453419,S3-683024651,S3-826496067,S3-875921981,S2-742020068,S2-848249280,S3-362875928,S3-486930614
S1-269499779	S2-316196173,S2-946727480,S3-317413229
S1-402621048	S3-551386718,S3-729777944,S3-982514998,S3-380355768,S3-761388031,S3-273027411,S2-886456768,S3-179646175,S3-327097291,S3-530255309,S3-813578196,S3-155255406,S2-665302633,S3-536391808,S2-108227741,S2-209374897,S2-228385675
S1-684202485	S3-8076705,S2-179834815,S3-49435901,S3-174197438,S3-434372491,S3-755656227,S3-92362118,S2-627510490,S2-698369838,S2-361198297,S2-437994112,S3-530592017
S1-503487168	S2-509161349,S2-395132657,S3-289438246,S2-247691291,S2-283263592,S2-397526328
S1-967139755	S2-216102849,S2-514552799,S2-864017360,S3-570238412,S3-404840337,S2-648800275,S3-503832896
S1-577269922	S2-505047958,S2-800580498,S2-81075825,S3-39683702
S1-252468250	S2-860072446,S3-388229193,S3-438057111,S3-876931773,S3-94299676,S2-923936686,S3-240265116,S2-963802991,S3-209601033,S3-259084403,S3-451310457,S3-736369645
S1-781801397	S3-161766887,S2-503602736,S2-69729289,S3-194352960,S3-434200414
S1-669434847	S2-181679408,S2-82988694,S2-574183093,S3-752438925
S1-570053103	S2-748158708,S3-331267501,S3-48785381,S2-679419246,S3-576990558
S1-736469556	S3-862831391,S2-626277484,S3-714418074,S2-929901077,S3-988838460,S2-31347388,S2-591139235,S2-792591266,S2-106306212,S2-15306551,S2-423227754,S2-684879943,S2-783555248,S3-477186846,S2-114969173,S2-881388339,S3-442034178
S1-483126440	S3-348709689,S3-484224228,S3-892415152,S2-763575902
S1-270951405	S2-278557322,S2-384230788,S3-602086739,S2-459405474,S3-965953165,S3-53861675
S1-493139457	S2-233087519,S3-103561396,S3-172408166,S3-20895019,S3-59877707,S2-142789473
S1-895087526	S3-959979735,S2-129240365,S2-152220795,S2-256367139,S3-519412552,S3-530481642,S3-632916147
S1-829126727	S3-481336163,S3-838499722,S3-453787850,S2-949147100,S3-586173030,S2-422537035,S2-906666146
S1-280936763	S2-429502844,S2-700631541,S3-713087042,S2-61171797,S2-492517791,S3-582596839
S1-999165514	S3-772474076,S3-441426760,S2-41721541,S3-461381864
S1-862701045	S3-704009840,S2-884464240,S3-819165064
S1-674871004	S3-736273850,S2-245011210,S3-23451684,S3-567523690,S3-947248298,S2-122866806,S2-370639390,S2-433801645,S2-465693694,S2-860541384,S2-968538940,S3-261225013,S3-660379787
S1-287307821	S3-945922624,S2-610871579,S2-157960477,S3-536800199
S1-323395452	S2-76783549,S2-939315177,S2-916927001
S1-143287441	S2-623400119,S2-182855887,S2-328984760,S2-329563477,S2-45978208,S2-493643941,S2-71755527,S2-739678362,S2-945017650,S3-11638310,S3-123491052,S3-26701342,S3-273870480,S3-295568561,S3-360901377,S3-387844996,S3-394646087,S3-484501364,S3-758372750,S3-813910712,S3-904507862,S3-917877912,S2-111264033
S1-714132312	S3-867809779,S3-625880872,S2-435263846,S2-786029403,S2-187020300,S2-637340732,S2-307407118,S2-359595545
S1-106407869	S3-585937637,S2-705547832,S3-359690272,S3-613056593,S3-150432700,S3-417671763,S3-943121111
S1-909865979	S2-528901108,S2-768355819,S3-699465428,S3-713444067,S2-878224471,S2-151627395,S2-271849367,S2-819591958,S3-363852035,S3-574215354,S3-658927980
S1-778640743	S3-698916948,S2-673208513,S2-87750197,S3-467616579,S2-484690984,S2-933136796,S2-944021337,S3-144074730,S3-288185473
S1-684974736	S2-653794580,S3-668113792,S3-894822385
S1-714038427	S3-343322433,S3-556092751,S3-966511608,S2-606782928,S2-9389075,S2-527611504,S3-365290699
S1-426194890	S2-12575838,S2-189578510,S2-206924199,S2-902791828,S2-246461203,S3-131842585,S3-655115876,S3-931551781,S2-622191360,S2-828040473,S3-845358842
S1-122385784	S3-821803480,S2-252056941,S2-971113636,S3-332768247,S2-396702445
S1-540642140	S2-936954782,S3-580888173,S2-497245561,S2-965717819
S1-261170522	S2-470996829,S3-422627746,S3-204738293,S3-453347522,S3-775890570,S2-219840370,S2-273959763
S1-614259237	S2-852216067,S3-625725294,S3-679231596,S2-567665713,S3-417545108
S1-334672926	S2-440961035,S2-947681751,S3-806110578,S3-947666892,S3-356701721,S3-439605350,S3-584782359,S3-882331197
S1-564662660	S2-989459301,S3-391835815,S3-703576675,S2-310193917,S2-315666782,S2-596549433
S1-581360597	S3-140202709,S3-423460994,S2-360588134,S3-121863057,S3-483647320,S2-670703018,S2-91197223,S3-38524054,S2-350244647,S2-56693186,S2-770174500,S2-893841272,S3-615228391
S1-946184931	S3-85781748,S3-931699227
S1-930501805	S2-440187663,S3-391330203,S3-436019484,S3-720438812,S2-898172629,S3-870972432,S3-479069612,S2-381325188
S1-474452362	S3-341245288,S2-735198548
S1-39733947	S2-580478795,S3-174633683,S3-488644516,S3-620721706,S2-804159974,S2-911774859
S1-574528784	S2-589918119,S3-658303321,S3-294026497
S1-85238196	S3-84005391,S3-788905252,S3-396595073
S1-569369299	S3-590336083,S3-909131114,S2-138548353,S2-510704576,S2-517162327,S2-852366896,S2-972965871,S2-342223686,S2-862521399
S1-559615219	S3-974804834,S3-193675911,S3-350612510,S2-859999503,S2-97021974,S3-612659931,S2-957377124,S3-913165921
S1-684318101	S3-118918213,S3-376522910,S3-394804953,S3-726929296,S2-601773129,S3-493533448,S2-153662054,S2-589772735,S2-91952824,S3-162684321,S2-335057105,S2-905535325
S1-983819279	S3-381086524,S3-894193993,S3-4841809,S2-994783866,S3-411332362
S1-87832748	S2-133732812,S2-849305712,S3-431394326,S3-833892074,S3-761117245
S1-520799361	S3-901511217,S2-493422360,S2-639128120,S2-637256715,S3-928740714,S2-963165757,S2-490051650,S3-188759348,S3-900980379
S1-56410032	S2-649252464,S3-449185534,S2-707212593
S1-518847572	S2-211488825,S2-254012881,S2-701214902,S3-6215726,S2-260047691,S2-941742509,S3-177583396,S3-427432308,S2-68097470
S1-35309228	S3-233063199,S3-277782359,S2-329722981,S3-453751428,S2-987901283,S2-353446484,S2-665524691
S1-74852342	S2-724758025,S2-543121965,S3-738740483,S3-343503074,S2-439306446,S2-619331314
S1-395055615	S2-60030792,S3-232538235,S3-242263311,S3-261432985,S2-714790053,S2-309606107,S2-13855453,S2-219502373
S1-4144001	S2-410379959,S2-98210788,S3-439654644,S2-286059282,S3-538792481,S3-493829099,S3-378904320
S1-512210875	S3-998257097,S3-596834482,S3-87991799,S2-691991634,S2-944342330,S3-968562338,S2-383409197,S2-939293025,S3-13607381,S3-62094977,S2-681646615
